epoch,time,train/box_loss,train/cls_loss,train/dfl_loss,metrics/precision(B),metrics/recall(B),metrics/mAP50(B),metrics/mAP50-95(B),val/box_loss,val/cls_loss,val/dfl_loss,lr/pg0,lr/pg1,lr/pg2
1,11.6226,0.73582,2.80014,1.08728,0.00778,1,0.27804,0.18226,0.47862,2.92608,0.93521,4e-05,4e-05,4e-05
2,23.6169,0.6594,2.71711,0.9729,0.00778,1,0.36859,0.29943,0.4022,2.85011,0.87122,9.9802e-05,9.9802e-05,9.9802e-05
3,35.8726,0.5403,2.24029,0.92353,0.00778,1,0.6615,0.58815,0.42626,2.66783,0.81877,0.000159366,0.000159366,0.000159366
4,48.4795,0.59483,1.58544,0.9094,1,0.24785,0.96085,0.85863,0.44825,2.35213,0.80255,0.000218693,0.000218693,0.000218693
5,60.9328,0.60484,1.26419,1.00319,0.9792,0.80952,0.97776,0.82399,0.52794,2.05112,0.81104,0.000277782,0.000277782,0.000277782
6,74.3175,0.58385,1.07504,0.92856,0.86941,0.80952,0.91762,0.80908,0.48909,2.0336,0.80483,0.000336634,0.000336634,0.000336634
7,87.1259,0.53143,0.98464,0.87654,0.83211,0.71429,0.85571,0.72528,0.51987,2.04582,0.8045,0.000395248,0.000395248,0.000395248
8,99.521,0.56388,0.90755,0.86265,0.833,0.47514,0.8461,0.73237,0.50683,2.11665,0.80762,0.000453624,0.000453624,0.000453624
9,112.393,0.54879,0.89955,0.90226,0.79597,0.52381,0.87905,0.75892,0.52132,2.08557,0.83177,0.000511763,0.000511763,0.000511763
10,125.042,0.62456,0.99418,0.99598,0.79301,0.73029,0.89365,0.76523,0.52717,1.98289,0.84648,0.000569664,0.000569664,0.000569664
11,137.885,0.51151,0.86373,0.90135,0.83856,0.80952,0.90197,0.77756,0.50925,1.77342,0.8421,0.000627328,0.000627328,0.000627328
12,149.782,0.53739,0.81062,0.89511,0.89432,0.80616,0.91008,0.76847,0.52194,1.757,0.85049,0.000684754,0.000684754,0.000684754
13,162.278,0.5749,0.81346,0.89422,0.74852,0.90476,0.93393,0.78979,0.59324,1.78612,0.85421,0.000741942,0.000741942,0.000741942
14,174.629,0.63423,0.80149,0.87327,0.71356,0.90476,0.85266,0.72351,0.58842,1.77936,0.84118,0.000798893,0.000798893,0.000798893
15,186.95,0.54721,0.79987,0.91297,0.49134,0.73635,0.66639,0.55934,0.62505,1.91945,0.88941,0.000855606,0.000855606,0.000855606
16,199.357,0.56759,0.84968,0.93676,0.53148,0.66667,0.66918,0.57557,0.60674,1.80614,0.87354,0.000912082,0.000912082,0.000912082
17,212.179,0.59805,0.78806,0.86574,0.94947,0.57143,0.8102,0.68534,0.60582,1.75339,0.87157,0.00096832,0.00096832,0.00096832
18,224.238,0.56287,0.85791,0.9426,0.64639,0.69687,0.76865,0.61421,0.62826,1.86297,0.88322,0.00102432,0.00102432,0.00102432
19,236.069,0.60964,0.75419,0.89422,0.71618,0.85714,0.85455,0.68067,0.55706,1.78597,0.86217,0.00108008,0.00108008,0.00108008
20,247.726,0.5189,0.74403,0.91781,0.65697,0.66667,0.83304,0.69854,0.55143,1.69399,0.85287,0.00113561,0.00113561,0.00113561
21,259.494,0.52384,0.78817,0.89479,0.68023,0.60825,0.75379,0.64133,0.54044,1.71217,0.86893,0.0011909,0.0011909,0.0011909
22,271.349,0.57327,0.77253,0.99787,0.75117,0.71896,0.85519,0.75441,0.55904,1.50052,0.90141,0.00124595,0.00124595,0.00124595
23,283.015,0.57039,0.78467,0.911,0.87704,0.71429,0.91837,0.78875,0.56224,1.39577,0.89572,0.00130076,0.00130076,0.00130076
24,294.662,0.55339,0.73496,0.95311,0.93697,0.95238,0.98676,0.8407,0.55689,1.3137,0.88159,0.00135533,0.00135533,0.00135533
25,306.543,0.49968,0.69748,0.91851,0.94307,0.95238,0.98247,0.73993,0.61854,1.32803,0.94726,0.00140967,0.00140967,0.00140967
26,318.294,0.62409,0.78035,0.92305,1,0.99863,0.995,0.83337,0.58447,1.2111,0.9081,0.00146377,0.00146377,0.00146377
27,330.813,0.52473,0.79829,0.90583,0.83186,0.95238,0.93161,0.78872,0.57019,1.20269,0.91572,0.00151763,0.00151763,0.00151763
28,342.656,0.5885,0.77758,0.96323,0.85952,0.95238,0.95848,0.81889,0.60783,1.10251,0.93776,0.00157126,0.00157126,0.00157126
29,354.418,0.53132,0.69779,0.87375,0.85952,0.95238,0.95848,0.81889,0.60783,1.10251,0.93776,0.00162464,0.00162464,0.00162464
30,366.109,0.60899,0.90936,1.00687,0.87193,1,0.90558,0.78454,0.60839,0.98239,0.94624,0.00167779,0.00167779,0.00167779
31,378.198,0.58231,0.69208,0.92033,0.86448,0.95238,0.96,0.86424,0.50114,0.94665,0.93169,0.0017307,0.0017307,0.0017307
32,390.484,0.51574,0.68541,0.87328,0.81949,0.86501,0.92977,0.84211,0.50964,0.96755,0.91922,0.00178338,0.00178338,0.00178338
33,402.227,0.55372,0.69191,0.94781,0.81949,0.86501,0.92977,0.84211,0.50964,0.96755,0.91922,0.00183581,0.00183581,0.00183581
34,414.176,0.51303,0.64993,0.87421,0.89097,0.80952,0.89004,0.78875,0.55779,1.02701,0.90622,0.00186932,0.00186932,0.00186932
35,426.213,0.59248,0.68054,0.94711,0.74257,0.82461,0.8297,0.73398,0.60663,1.10231,0.97382,0.00186536,0.00186536,0.00186536
36,438.097,0.60563,0.70419,0.94154,0.77707,0.83044,0.86224,0.74445,0.58115,1.08815,0.93086,0.0018614,0.0018614,0.0018614
37,449.967,0.49451,0.66466,0.87595,0.77707,0.83044,0.86224,0.74445,0.58115,1.08815,0.93086,0.00185744,0.00185744,0.00185744
38,461.756,0.55314,0.67886,0.87411,0.64374,0.85714,0.7859,0.67287,0.62093,1.20034,0.96969,0.00185348,0.00185348,0.00185348
39,473.924,0.53648,0.65065,0.92513,0.60454,0.7619,0.6629,0.59694,0.56843,1.25209,0.98732,0.00184952,0.00184952,0.00184952
40,485.957,0.50385,0.59809,0.85827,0.4934,0.69605,0.53347,0.44784,0.67787,1.87489,1.02723,0.00184556,0.00184556,0.00184556
41,497.894,0.54338,0.64613,0.8997,0.4934,0.69605,0.53347,0.44784,0.67787,1.87489,1.02723,0.0018416,0.0018416,0.0018416
42,510.419,0.49135,0.57742,0.92567,0.48416,0.66667,0.58439,0.42298,0.75508,2.09457,1.14759,0.00183764,0.00183764,0.00183764
43,522.533,0.48352,0.61863,0.8978,0.58106,0.61905,0.59855,0.43432,0.68739,2.18395,1.17569,0.00183368,0.00183368,0.00183368
44,535.259,0.4944,0.63361,0.92781,0.74899,0.57143,0.66818,0.45094,0.74284,1.66454,1.2065,0.00182972,0.00182972,0.00182972
45,547.588,0.47759,0.62439,0.89106,0.74899,0.57143,0.66818,0.45094,0.74284,1.66454,1.2065,0.00182576,0.00182576,0.00182576
46,559.923,0.58841,0.78318,0.96897,0.94027,0.75021,0.85758,0.58175,0.76467,1.30845,1.19051,0.0018218,0.0018218,0.0018218
47,571.902,0.48481,0.57112,0.87153,0.89356,0.85714,0.87403,0.61468,0.82115,1.17139,1.16713,0.00181784,0.00181784,0.00181784
48,583.756,0.5117,0.60723,0.8982,0.82007,0.90476,0.85977,0.63501,0.62485,0.97626,0.97102,0.00181388,0.00181388,0.00181388
49,595.913,0.47321,0.59761,0.89908,0.82007,0.90476,0.85977,0.63501,0.62485,0.97626,0.97102,0.00180992,0.00180992,0.00180992
50,608.265,0.57171,0.61845,0.97077,0.77218,0.90476,0.90692,0.71216,0.59435,0.90247,0.96886,0.00180596,0.00180596,0.00180596
51,620.369,0.45269,0.55751,0.85558,1,0.9434,0.98731,0.82671,0.56701,0.7816,0.94593,0.001802,0.001802,0.001802
52,632.598,0.51832,0.57751,0.88409,0.99591,0.95238,0.9584,0.81418,0.57133,0.75073,0.95847,0.00179804,0.00179804,0.00179804
53,645.028,0.49913,0.56208,0.91831,0.99591,0.95238,0.9584,0.81418,0.57133,0.75073,0.95847,0.00179408,0.00179408,0.00179408
54,657.17,0.50969,0.62769,0.9185,0.99583,0.95238,0.95568,0.8336,0.55309,0.68802,0.94524,0.00179012,0.00179012,0.00179012
55,669.291,0.5222,0.58549,0.94329,0.99518,0.95238,0.96237,0.84909,0.53576,0.67053,0.93013,0.00178616,0.00178616,0.00178616
56,681.404,0.54261,0.55838,0.91504,0.99596,0.95238,0.97833,0.87415,0.51795,0.63076,0.91577,0.0017822,0.0017822,0.0017822
57,693.859,0.49172,0.55354,0.91082,0.99596,0.95238,0.97833,0.87415,0.51795,0.63076,0.91577,0.00177824,0.00177824,0.00177824
58,705.947,0.51752,0.63969,0.93,0.99631,0.95238,0.99318,0.89186,0.49153,0.61803,0.89395,0.00177428,0.00177428,0.00177428
59,718.048,0.51729,0.52668,0.90413,0.95448,0.99859,0.99318,0.9027,0.49001,0.63054,0.88782,0.00177032,0.00177032,0.00177032
60,730.719,0.45645,0.55993,0.9132,0.9496,1,0.97591,0.87355,0.47002,0.64384,0.88076,0.00176636,0.00176636,0.00176636
61,743.081,0.47001,0.49582,0.88784,0.9496,1,0.97591,0.87355,0.47002,0.64384,0.88076,0.0017624,0.0017624,0.0017624
62,755.803,0.55506,0.55035,1.0349,0.94203,1,0.98864,0.87926,0.51366,0.66761,0.90303,0.00175844,0.00175844,0.00175844
63,767.888,0.48475,0.54484,0.91888,0.90581,1,0.97809,0.87006,0.53084,0.66577,0.95307,0.00175448,0.00175448,0.00175448
64,780.532,0.51573,0.55363,0.90395,0.99084,1,0.995,0.88222,0.4882,0.5883,0.8809,0.00175052,0.00175052,0.00175052
65,792.903,0.41627,0.47043,0.86858,0.99084,1,0.995,0.88222,0.4882,0.5883,0.8809,0.00174656,0.00174656,0.00174656
66,807.732,0.51001,0.49852,0.91577,0.94573,1,0.99318,0.90739,0.46866,0.55963,0.8618,0.0017426,0.0017426,0.0017426
67,820.819,0.50307,0.50731,0.87957,0.94255,1,0.99091,0.89969,0.47089,0.58267,0.85998,0.00173864,0.00173864,0.00173864
68,833.222,0.46793,0.50058,0.9101,0.93443,1,0.99091,0.88678,0.45972,0.61595,0.86101,0.00173468,0.00173468,0.00173468
69,845.488,0.43932,0.49171,0.87341,0.93443,1,0.99091,0.88678,0.45972,0.61595,0.86101,0.00173072,0.00173072,0.00173072
70,857.701,0.50516,0.52982,0.92683,0.98542,0.95238,0.99318,0.8767,0.5046,0.61119,0.89638,0.00172676,0.00172676,0.00172676
71,870.787,0.42892,0.47733,0.88369,0.95348,0.97647,0.99318,0.90533,0.49736,0.61189,0.87904,0.0017228,0.0017228,0.0017228
72,882.923,0.45566,0.53409,0.90198,0.99309,1,0.995,0.90022,0.46608,0.56945,0.87346,0.00171884,0.00171884,0.00171884
73,896.106,0.51994,0.5492,0.98371,0.99309,1,0.995,0.90022,0.46608,0.56945,0.87346,0.00171488,0.00171488,0.00171488
74,908.741,0.45321,0.48779,0.84867,0.9932,1,0.995,0.91064,0.48184,0.53815,0.89135,0.00171092,0.00171092,0.00171092
75,921.122,0.46938,0.45867,0.88394,0.99552,1,0.995,0.91478,0.48726,0.52629,0.89295,0.00170696,0.00170696,0.00170696
76,934.037,0.43813,0.46447,0.86599,0.99667,1,0.995,0.89637,0.4981,0.51029,0.87192,0.001703,0.001703,0.001703
77,946.258,0.48971,0.55729,0.87535,0.99667,1,0.995,0.89637,0.4981,0.51029,0.87192,0.00169904,0.00169904,0.00169904
78,958.868,0.46803,0.46974,0.87793,0.99735,1,0.995,0.89781,0.46835,0.4664,0.85766,0.00169508,0.00169508,0.00169508
79,970.894,0.68338,1.12299,1.12924,0.99754,1,0.995,0.90316,0.44301,0.46849,0.86439,0.00169112,0.00169112,0.00169112
80,983.465,0.47785,0.48675,0.86023,0.99768,1,0.995,0.90284,0.44222,0.49422,0.86576,0.00168716,0.00168716,0.00168716
81,995.627,0.47516,0.556,0.86796,0.99768,1,0.995,0.90284,0.44222,0.49422,0.86576,0.0016832,0.0016832,0.0016832
82,1008.2,0.46757,0.4748,0.85432,0.99787,1,0.995,0.91237,0.42835,0.48936,0.85764,0.00167924,0.00167924,0.00167924
83,1020.7,0.46855,0.46852,0.90363,0.99816,1,0.995,0.91093,0.41579,0.46728,0.85602,0.00167528,0.00167528,0.00167528
84,1033.54,0.46719,0.48441,0.86065,0.99844,1,0.995,0.88669,0.46054,0.49038,0.86877,0.00167132,0.00167132,0.00167132
85,1046.61,0.45934,0.50962,0.88993,0.99844,1,0.995,0.88669,0.46054,0.49038,0.86877,0.00166736,0.00166736,0.00166736
86,1058.99,0.48067,0.49399,0.89962,0.99006,0.90476,0.97318,0.85193,0.51172,0.56802,0.89454,0.0016634,0.0016634,0.0016634
87,1072.06,0.46018,0.48579,0.89033,0.94556,0.90476,0.96519,0.86316,0.45941,0.55009,0.90716,0.00165944,0.00165944,0.00165944
88,1084.86,0.4787,0.47959,0.90288,0.94366,0.95238,0.95294,0.87038,0.48956,0.52468,0.96363,0.00165548,0.00165548,0.00165548
89,1097.02,0.44573,0.46002,0.88571,0.94366,0.95238,0.95294,0.87038,0.48956,0.52468,0.96363,0.00165152,0.00165152,0.00165152
90,1109.92,0.43873,0.44247,0.89073,0.94359,0.95238,0.97262,0.88178,0.44709,0.52433,0.87493,0.00164756,0.00164756,0.00164756
91,1124.16,0.4445,0.49688,0.88182,0.94738,0.95238,0.96774,0.86857,0.49852,0.53194,0.88627,0.0016436,0.0016436,0.0016436
92,1137.02,0.45094,0.48571,0.90999,0.99189,0.95238,0.97326,0.85298,0.51238,0.50373,0.89889,0.00163964,0.00163964,0.00163964
93,1149.25,0.43795,0.45155,0.90745,0.99189,0.95238,0.97326,0.85298,0.51238,0.50373,0.89889,0.00163568,0.00163568,0.00163568
94,1161.73,0.42492,0.40705,0.85628,1,0.94228,0.98125,0.86026,0.49301,0.47252,0.89133,0.00163172,0.00163172,0.00163172
95,1174.21,0.44394,0.44134,0.90241,1,0.9493,0.97654,0.88515,0.49138,0.45231,0.8852,0.00162776,0.00162776,0.00162776
96,1186.49,0.39201,0.41015,0.86267,0.99916,0.95238,0.979,0.86189,0.52837,0.4351,0.89367,0.0016238,0.0016238,0.0016238
97,1198.91,0.45959,0.4567,0.88041,0.99916,0.95238,0.979,0.86189,0.52837,0.4351,0.89367,0.00161984,0.00161984,0.00161984
98,1211.36,0.45152,0.49804,0.92428,0.90576,0.95238,0.94933,0.8457,0.50402,0.50151,0.88652,0.00161588,0.00161588,0.00161588
99,1223.51,0.42695,0.44876,0.87674,0.99971,0.95238,0.95555,0.86014,0.46217,0.47469,0.87635,0.00161192,0.00161192,0.00161192
100,1236.27,0.45195,0.49813,0.88912,1,0.94663,0.97409,0.89942,0.44941,0.44948,0.87948,0.00160796,0.00160796,0.00160796
101,1248.25,0.45196,0.40491,0.86559,1,0.94663,0.97409,0.89942,0.44941,0.44948,0.87948,0.001604,0.001604,0.001604
102,1260.87,0.40589,0.39565,0.86784,0.99608,0.95238,0.98731,0.8985,0.44722,0.41878,0.86633,0.00160004,0.00160004,0.00160004
103,1273.74,0.5199,0.54068,0.99886,0.99081,0.95238,0.985,0.8966,0.47606,0.44178,0.87108,0.00159608,0.00159608,0.00159608
104,1287.61,0.47146,0.4418,0.97705,0.98783,0.95238,0.9886,0.89492,0.45158,0.49208,0.85599,0.00159212,0.00159212,0.00159212
105,1301.78,0.42407,0.40856,0.86309,0.98783,0.95238,0.9886,0.89492,0.45158,0.49208,0.85599,0.00158816,0.00158816,0.00158816
106,1314.39,0.44905,0.40003,0.90808,1,0.99073,0.995,0.90028,0.4503,0.41712,0.85471,0.0015842,0.0015842,0.0015842
107,1327.47,0.39297,0.37991,0.86259,0.99068,1,0.995,0.92295,0.41617,0.39922,0.85039,0.00158024,0.00158024,0.00158024
108,1340.26,0.44706,0.46382,0.87989,0.99499,1,0.995,0.89177,0.41288,0.39465,0.85064,0.00157628,0.00157628,0.00157628
109,1352.73,0.45244,0.59396,0.91927,0.99499,1,0.995,0.89177,0.41288,0.39465,0.85064,0.00157232,0.00157232,0.00157232
110,1365.28,0.37684,0.37018,0.86652,0.99678,1,0.995,0.90609,0.43365,0.39539,0.85721,0.00156836,0.00156836,0.00156836
111,1378.78,0.45881,0.46638,0.93958,0.99564,1,0.995,0.92112,0.43585,0.3804,0.85946,0.0015644,0.0015644,0.0015644
112,1392.33,0.38553,0.39078,0.86489,0.99658,1,0.995,0.93281,0.40862,0.36021,0.8557,0.00156044,0.00156044,0.00156044
113,1405.34,0.39443,0.38725,0.8771,0.99658,1,0.995,0.93281,0.40862,0.36021,0.8557,0.00155648,0.00155648,0.00155648
114,1418.72,0.40287,0.39098,0.89875,0.99581,1,0.995,0.9247,0.39172,0.356,0.85238,0.00155252,0.00155252,0.00155252
115,1431.98,0.41877,0.43518,0.86131,0.99716,1,0.995,0.93038,0.38334,0.35883,0.84864,0.00154856,0.00154856,0.00154856
116,1445.18,0.40571,0.37229,0.85174,1,0.99859,0.995,0.93163,0.37131,0.36585,0.85449,0.0015446,0.0015446,0.0015446
117,1457.91,0.36531,0.36993,0.84485,1,0.99859,0.995,0.93163,0.37131,0.36585,0.85449,0.00154064,0.00154064,0.00154064
118,1470.59,0.40275,0.38617,0.87174,0.99298,0.95238,0.99152,0.93951,0.36852,0.40005,0.85557,0.00153668,0.00153668,0.00153668
119,1483.1,0.43362,0.44777,0.86567,0.99214,0.95238,0.99152,0.9186,0.40317,0.40648,0.85565,0.00153272,0.00153272,0.00153272
120,1495.9,0.40005,0.394,0.82553,1,0.99789,0.995,0.9204,0.39506,0.41039,0.84961,0.00152876,0.00152876,0.00152876
121,1508.32,0.37488,0.365,0.86944,1,0.99789,0.995,0.9204,0.39506,0.41039,0.84961,0.0015248,0.0015248,0.0015248
122,1520.97,0.38174,0.35861,0.82749,0.99804,1,0.995,0.92451,0.39958,0.39637,0.85874,0.00152084,0.00152084,0.00152084
123,1533.97,0.44068,0.40994,0.9148,0.99703,1,0.995,0.92513,0.41482,0.38434,0.8765,0.00151688,0.00151688,0.00151688
124,1546.85,0.4286,0.36406,0.85601,0.99527,1,0.995,0.91058,0.45198,0.41747,0.8866,0.00151292,0.00151292,0.00151292
125,1559.36,0.39867,0.39923,0.87614,0.99527,1,0.995,0.91058,0.45198,0.41747,0.8866,0.00150896,0.00150896,0.00150896
126,1571.98,0.38674,0.37824,0.85443,0.99521,1,0.995,0.89797,0.45479,0.43105,0.88336,0.001505,0.001505,0.001505
127,1584.53,0.34766,0.42932,0.87508,0.99711,1,0.995,0.91243,0.42535,0.37882,0.86411,0.00150104,0.00150104,0.00150104
128,1597.54,0.35706,0.37512,0.84639,0.99213,1,0.995,0.92873,0.4333,0.38669,0.86086,0.00149708,0.00149708,0.00149708
129,1610.89,0.44216,0.41159,0.90145,0.99213,1,0.995,0.92873,0.4333,0.38669,0.86086,0.00149312,0.00149312,0.00149312
130,1623.85,0.37723,0.36602,0.85446,0.99343,1,0.995,0.92385,0.40489,0.41509,0.84784,0.00148916,0.00148916,0.00148916
131,1636.68,0.39513,0.37701,0.87591,0.99172,1,0.995,0.91213,0.42511,0.42632,0.85278,0.0014852,0.0014852,0.0014852
132,1649.55,0.43215,0.40563,0.90691,0.99276,1,0.995,0.91349,0.42414,0.41861,0.85369,0.00148124,0.00148124,0.00148124
133,1662.32,0.37085,0.39619,0.87069,0.99276,1,0.995,0.91349,0.42414,0.41861,0.85369,0.00147728,0.00147728,0.00147728
134,1674.71,0.42668,0.39857,0.84152,0.99673,1,0.995,0.92662,0.415,0.41548,0.84966,0.00147332,0.00147332,0.00147332
135,1687.69,0.42692,0.38602,0.893,0.99704,1,0.995,0.91776,0.42044,0.40946,0.84849,0.00146936,0.00146936,0.00146936
136,1700.65,0.38859,0.36551,0.88941,0.99739,1,0.995,0.94745,0.39046,0.37483,0.84014,0.0014654,0.0014654,0.0014654
137,1713.17,0.36631,0.35588,0.83945,0.99739,1,0.995,0.94745,0.39046,0.37483,0.84014,0.00146144,0.00146144,0.00146144
138,1725.65,0.40004,0.3796,0.90419,0.99794,1,0.995,0.94202,0.38278,0.35738,0.83865,0.00145748,0.00145748,0.00145748
139,1738.59,0.36859,0.3458,0.84068,0.99926,1,0.995,0.9296,0.39244,0.34149,0.83603,0.00145352,0.00145352,0.00145352
140,1751.48,0.41136,0.41175,0.86298,1,0.99868,0.995,0.90901,0.40438,0.34521,0.839,0.00144956,0.00144956,0.00144956
141,1764.11,0.39893,0.37467,0.87543,1,0.99868,0.995,0.90901,0.40438,0.34521,0.839,0.0014456,0.0014456,0.0014456
142,1776.75,0.43432,0.41431,0.87668,1,0.99608,0.995,0.90308,0.40819,0.35452,0.84515,0.00144164,0.00144164,0.00144164
143,1789.72,0.39182,0.34101,0.89014,0.99698,1,0.995,0.9023,0.4062,0.35387,0.84275,0.00143768,0.00143768,0.00143768
144,1803.24,0.35848,0.35087,0.8668,0.9969,1,0.995,0.93125,0.37927,0.33764,0.84235,0.00143372,0.00143372,0.00143372
145,1815.89,0.36682,0.36075,0.87112,0.9969,1,0.995,0.93125,0.37927,0.33764,0.84235,0.00142976,0.00142976,0.00142976
146,1828.61,0.4072,0.33774,0.86462,0.99712,1,0.995,0.94343,0.38491,0.34675,0.84972,0.0014258,0.0014258,0.0014258
147,1841.08,0.41444,0.4071,0.90076,0.99701,1,0.995,0.93542,0.41654,0.35647,0.85222,0.00142184,0.00142184,0.00142184
148,1853.42,0.41774,0.3743,0.88094,0.99712,1,0.995,0.94782,0.40418,0.34206,0.83896,0.00141788,0.00141788,0.00141788
149,1865.74,0.46035,0.38124,0.92238,0.99712,1,0.995,0.94782,0.40418,0.34206,0.83896,0.00141392,0.00141392,0.00141392
150,1878.29,0.40101,0.3593,0.8585,0.99708,1,0.995,0.94067,0.39739,0.33204,0.83627,0.00140996,0.00140996,0.00140996
151,1890.55,0.46767,0.4503,0.96088,0.99616,1,0.995,0.93844,0.39469,0.32824,0.84638,0.001406,0.001406,0.001406
152,1903.24,0.39433,0.39939,0.92796,0.99669,1,0.995,0.90393,0.38872,0.34167,0.85204,0.00140204,0.00140204,0.00140204
153,1915.81,0.43599,0.35926,0.88493,0.99669,1,0.995,0.90393,0.38872,0.34167,0.85204,0.00139808,0.00139808,0.00139808
154,1928.32,0.40329,0.34698,0.8848,0.99722,1,0.995,0.9077,0.39391,0.33624,0.85304,0.00139412,0.00139412,0.00139412
155,1940.73,0.40731,0.45031,0.93632,0.99687,1,0.995,0.9076,0.39526,0.33683,0.8526,0.00139016,0.00139016,0.00139016
156,1953.48,0.37908,0.35902,0.86427,0.99676,1,0.995,0.91965,0.37678,0.3272,0.84728,0.0013862,0.0013862,0.0013862
157,1965.95,0.39923,0.38426,0.89447,0.99676,1,0.995,0.91965,0.37678,0.3272,0.84728,0.00138224,0.00138224,0.00138224
158,1978.72,0.34527,0.34245,0.90637,0.99656,1,0.995,0.92117,0.40822,0.3169,0.85328,0.00137828,0.00137828,0.00137828
159,1990.97,0.37992,0.34324,0.85861,0.99667,1,0.995,0.94789,0.41667,0.33171,0.85211,0.00137432,0.00137432,0.00137432
160,2004.11,0.41717,0.37912,0.89956,0.99704,1,0.995,0.94826,0.39151,0.33572,0.844,0.00137036,0.00137036,0.00137036
161,2016.83,0.44141,0.3792,0.92806,0.99704,1,0.995,0.94826,0.39151,0.33572,0.844,0.0013664,0.0013664,0.0013664
162,2029.65,0.44666,0.41377,0.88187,0.99716,1,0.995,0.94071,0.40409,0.33714,0.8455,0.00136244,0.00136244,0.00136244
163,2043.08,0.40173,0.37796,0.87619,0.99734,1,0.995,0.92212,0.39216,0.32541,0.84585,0.00135848,0.00135848,0.00135848
164,2055.58,0.35106,0.34165,0.8732,0.99736,1,0.995,0.91457,0.40083,0.32093,0.85518,0.00135452,0.00135452,0.00135452
165,2067.91,0.40823,0.35707,0.88043,0.99736,1,0.995,0.91457,0.40083,0.32093,0.85518,0.00135056,0.00135056,0.00135056
166,2080.01,0.3929,0.33305,0.87428,0.99733,1,0.995,0.93164,0.37196,0.30989,0.84514,0.0013466,0.0013466,0.0013466
167,2092.39,0.4037,0.35937,0.88768,0.99741,1,0.995,0.93373,0.34185,0.31259,0.83371,0.00134264,0.00134264,0.00134264
168,2104.72,0.38759,0.33752,0.85418,0.99737,1,0.995,0.91973,0.34255,0.31685,0.82966,0.00133868,0.00133868,0.00133868
169,2116.91,0.37334,0.35209,0.85641,0.99737,1,0.995,0.91973,0.34255,0.31685,0.82966,0.00133472,0.00133472,0.00133472
170,2129.16,0.36966,0.34501,0.85284,0.99719,1,0.995,0.92794,0.38663,0.31609,0.84049,0.00133076,0.00133076,0.00133076
171,2141.5,0.4212,0.36114,0.87587,0.99659,1,0.995,0.92742,0.40049,0.32891,0.85444,0.0013268,0.0013268,0.0013268
172,2154.29,0.39553,0.37651,0.86838,0.9973,1,0.995,0.93809,0.36472,0.31471,0.84819,0.00132284,0.00132284,0.00132284
173,2166.86,0.41052,0.34387,0.88303,0.9973,1,0.995,0.93809,0.36472,0.31471,0.84819,0.00131888,0.00131888,0.00131888
174,2179.27,0.39162,0.34477,0.86182,0.99708,1,0.995,0.93592,0.34868,0.30107,0.8395,0.00131492,0.00131492,0.00131492
175,2191.75,0.40398,0.35288,0.8406,0.9972,1,0.995,0.94886,0.35497,0.29386,0.83354,0.00131096,0.00131096,0.00131096
176,2204.16,0.36749,0.3329,0.82399,0.99721,1,0.995,0.95231,0.36025,0.29236,0.83205,0.001307,0.001307,0.001307
177,2216.46,0.38834,0.31908,0.85524,0.99721,1,0.995,0.95231,0.36025,0.29236,0.83205,0.00130304,0.00130304,0.00130304
178,2228.88,0.36684,0.34124,0.84109,0.99728,1,0.995,0.9314,0.40217,0.30811,0.83619,0.00129908,0.00129908,0.00129908
179,2241.26,0.34608,0.31747,0.85941,0.99702,1,0.995,0.91231,0.44222,0.30502,0.84313,0.00129512,0.00129512,0.00129512
180,2254.76,0.38125,0.33598,0.83436,0.99713,1,0.995,0.90093,0.4427,0.29304,0.84624,0.00129116,0.00129116,0.00129116
181,2267.36,0.34042,0.32658,0.87093,0.99713,1,0.995,0.90093,0.4427,0.29304,0.84624,0.0012872,0.0012872,0.0012872
182,2279.66,0.36161,0.33833,0.86718,0.9972,1,0.995,0.91523,0.3596,0.29383,0.8267,0.00128324,0.00128324,0.00128324
183,2292.51,0.37297,0.33901,0.87457,0.99599,1,0.995,0.93536,0.35381,0.319,0.82691,0.00127928,0.00127928,0.00127928
184,2305.03,0.35251,0.30956,0.85289,0.99425,1,0.995,0.93038,0.3654,0.32176,0.8314,0.00127532,0.00127532,0.00127532
185,2317.45,0.33299,0.39281,0.90104,0.99425,1,0.995,0.93038,0.3654,0.32176,0.8314,0.00127136,0.00127136,0.00127136
186,2329.55,0.37415,0.35859,0.87264,0.9949,1,0.995,0.9334,0.35693,0.29753,0.82834,0.0012674,0.0012674,0.0012674
187,2341.86,0.33857,0.31964,0.87192,0.9958,1,0.995,0.95486,0.35454,0.28999,0.82772,0.00126344,0.00126344,0.00126344
188,2354.33,0.36517,0.47472,0.9101,0.99557,1,0.995,0.95907,0.35689,0.28353,0.83033,0.00125948,0.00125948,0.00125948
189,2366.67,0.35565,0.32892,0.85377,0.99557,1,0.995,0.95907,0.35689,0.28353,0.83033,0.00125552,0.00125552,0.00125552
190,2379.06,0.34485,0.31992,0.8403,0.99613,1,0.995,0.9227,0.34627,0.3002,0.82636,0.00125156,0.00125156,0.00125156
191,2391.49,0.31447,0.31332,0.84372,0.99648,1,0.995,0.95604,0.333,0.28685,0.81979,0.0012476,0.0012476,0.0012476
192,2403.8,0.36243,0.34969,0.86319,0.99718,1,0.995,0.95776,0.32936,0.28174,0.82193,0.00124364,0.00124364,0.00124364
193,2416.14,0.39967,0.31192,0.85706,0.99718,1,0.995,0.95776,0.32936,0.28174,0.82193,0.00123968,0.00123968,0.00123968
194,2428.42,0.39804,0.34287,0.88585,0.99669,1,0.995,0.96702,0.34439,0.29807,0.82963,0.00123572,0.00123572,0.00123572
195,2440.5,0.31699,0.30933,0.85212,0.99723,1,0.995,0.95488,0.36318,0.2988,0.84122,0.00123176,0.00123176,0.00123176
196,2453.26,0.35369,0.36626,0.86036,0.99713,1,0.995,0.94386,0.37573,0.30134,0.84857,0.0012278,0.0012278,0.0012278
197,2465.4,0.42045,0.37163,0.86496,0.99713,1,0.995,0.94386,0.37573,0.30134,0.84857,0.00122384,0.00122384,0.00122384
198,2477.76,0.36437,0.35182,0.87308,0.99785,1,0.995,0.94788,0.38346,0.30853,0.85366,0.00121988,0.00121988,0.00121988
199,2490.52,0.3554,0.32009,0.83296,0.99801,1,0.995,0.94823,0.39957,0.3138,0.85346,0.00121592,0.00121592,0.00121592
200,2502.86,0.3261,0.32832,0.85351,0.99786,1,0.995,0.94005,0.38964,0.30793,0.84684,0.00121196,0.00121196,0.00121196
201,2515.75,0.34583,0.33338,0.86881,0.99786,1,0.995,0.94005,0.38964,0.30793,0.84684,0.001208,0.001208,0.001208
202,2528.07,0.32681,0.30892,0.83934,0.99804,1,0.995,0.94628,0.36425,0.28743,0.83924,0.00120404,0.00120404,0.00120404
203,2540.18,0.3261,0.29114,0.84224,0.99781,1,0.995,0.94304,0.35291,0.30054,0.83366,0.00120008,0.00120008,0.00120008
204,2552.96,0.33779,0.30962,0.82859,0.99638,1,0.995,0.9367,0.36252,0.30711,0.83465,0.00119612,0.00119612,0.00119612
205,2565.17,0.33491,0.30948,0.85749,0.99638,1,0.995,0.9367,0.36252,0.30711,0.83465,0.00119216,0.00119216,0.00119216
206,2577.75,0.35274,0.3763,0.84205,0.99633,1,0.995,0.93665,0.37411,0.30646,0.8339,0.0011882,0.0011882,0.0011882
207,2589.87,0.3761,0.3691,0.87901,0.99742,1,0.995,0.93867,0.36908,0.28041,0.82924,0.00118424,0.00118424,0.00118424
208,2603.26,0.31345,0.30291,0.8233,0.99777,1,0.995,0.93523,0.36599,0.27802,0.82791,0.00118028,0.00118028,0.00118028
209,2616.04,0.33686,0.33472,0.84399,0.99777,1,0.995,0.93523,0.36599,0.27802,0.82791,0.00117632,0.00117632,0.00117632
210,2628.5,0.33035,0.2943,0.83409,0.99781,1,0.995,0.91803,0.36057,0.27831,0.82768,0.00117236,0.00117236,0.00117236
211,2640.97,0.33452,0.32909,0.85675,0.99768,1,0.995,0.94124,0.37207,0.27874,0.82989,0.0011684,0.0011684,0.0011684
212,2653.46,0.32785,0.27261,0.84133,0.99747,1,0.995,0.95453,0.35006,0.27556,0.8265,0.00116444,0.00116444,0.00116444
213,2665.42,0.31275,0.29323,0.8089,0.99747,1,0.995,0.95453,0.35006,0.27556,0.8265,0.00116048,0.00116048,0.00116048
214,2677.79,0.31851,0.28787,0.82141,0.9969,1,0.995,0.956,0.32482,0.27286,0.82231,0.00115652,0.00115652,0.00115652
215,2691.45,0.34196,0.29211,0.83664,0.99317,1,0.995,0.95135,0.33358,0.26776,0.82292,0.00115256,0.00115256,0.00115256
216,2706.05,0.30879,0.28361,0.82882,0.99606,1,0.995,0.95423,0.33909,0.26516,0.82448,0.0011486,0.0011486,0.0011486
217,2719.16,0.33084,0.28939,0.83921,0.99606,1,0.995,0.95423,0.33909,0.26516,0.82448,0.00114464,0.00114464,0.00114464
218,2731.99,0.32999,0.28405,0.83226,0.99729,1,0.995,0.95908,0.33745,0.27671,0.83059,0.00114068,0.00114068,0.00114068
219,2744.12,0.31931,0.31194,0.85189,0.99737,1,0.995,0.95011,0.35265,0.29167,0.83354,0.00113672,0.00113672,0.00113672
220,2756.92,0.307,0.3123,0.84272,0.99735,1,0.995,0.95255,0.36824,0.28576,0.83675,0.00113276,0.00113276,0.00113276
221,2769.15,0.34247,0.32409,0.86965,0.99735,1,0.995,0.95255,0.36824,0.28576,0.83675,0.0011288,0.0011288,0.0011288
222,2781.76,0.31167,0.29128,0.80702,0.99737,1,0.995,0.93825,0.36504,0.2834,0.83861,0.00112484,0.00112484,0.00112484
223,2794.4,0.32717,0.31298,0.8545,0.99736,1,0.995,0.93334,0.3683,0.28072,0.8427,0.00112088,0.00112088,0.00112088
224,2806.91,0.34099,0.3068,0.83593,0.99723,1,0.995,0.93217,0.36755,0.27899,0.84311,0.00111692,0.00111692,0.00111692
225,2819.44,0.33678,0.29187,0.86495,0.99723,1,0.995,0.93217,0.36755,0.27899,0.84311,0.00111296,0.00111296,0.00111296
226,2831.79,0.32566,0.29309,0.85405,0.99733,1,0.995,0.95579,0.34965,0.27796,0.84232,0.001109,0.001109,0.001109
227,2843.82,0.31524,0.27274,0.8557,0.9968,1,0.995,0.9595,0.35013,0.30203,0.8488,0.00110504,0.00110504,0.00110504
228,2857.95,0.35442,0.33685,0.85242,0.99628,1,0.995,0.9625,0.35585,0.29964,0.84995,0.00110108,0.00110108,0.00110108
229,2872.19,0.31427,0.28096,0.84836,0.99628,1,0.995,0.9625,0.35585,0.29964,0.84995,0.00109712,0.00109712,0.00109712
230,2886.21,0.34872,0.30658,0.86164,0.99654,1,0.995,0.95141,0.35465,0.29292,0.84347,0.00109316,0.00109316,0.00109316
231,2900,0.34071,0.31616,0.85271,0.99705,1,0.995,0.94828,0.34281,0.27909,0.83656,0.0010892,0.0010892,0.0010892
232,2911.97,0.29855,0.29004,0.86674,0.9973,1,0.995,0.95206,0.34311,0.27532,0.8305,0.00108524,0.00108524,0.00108524
233,2924.33,0.33959,0.31034,0.85164,0.9973,1,0.995,0.95206,0.34311,0.27532,0.8305,0.00108128,0.00108128,0.00108128
234,2936.04,0.33277,0.31437,0.82847,0.99751,1,0.995,0.94508,0.34825,0.26899,0.82924,0.00107732,0.00107732,0.00107732
235,2948.17,0.33046,0.27787,0.85882,0.99766,1,0.995,0.94479,0.34583,0.26317,0.82777,0.00107336,0.00107336,0.00107336
236,2960.14,0.36559,0.3168,0.83286,0.99769,1,0.995,0.96468,0.34467,0.26112,0.82916,0.0010694,0.0010694,0.0010694
237,2971.82,0.31869,0.27154,0.82908,0.99769,1,0.995,0.96468,0.34467,0.26112,0.82916,0.00106544,0.00106544,0.00106544
238,2983.44,0.32113,0.28047,0.85384,0.99769,1,0.995,0.94647,0.35652,0.26633,0.83524,0.00106148,0.00106148,0.00106148
239,2995.13,0.35015,0.29227,0.84848,0.99772,1,0.995,0.95379,0.36699,0.27235,0.83564,0.00105752,0.00105752,0.00105752
240,3007.09,0.33223,0.29051,0.81652,0.99769,1,0.995,0.94998,0.36026,0.27308,0.82888,0.00105356,0.00105356,0.00105356
241,3018.85,0.34919,0.28054,0.82743,0.99769,1,0.995,0.94998,0.36026,0.27308,0.82888,0.0010496,0.0010496,0.0010496
242,3030.49,0.32173,0.27179,0.81561,0.99765,1,0.995,0.96079,0.34,0.26348,0.82349,0.00104564,0.00104564,0.00104564
243,3042.37,0.2929,0.25616,0.86088,0.99765,1,0.995,0.94698,0.32239,0.2467,0.82296,0.00104168,0.00104168,0.00104168
244,3054.2,0.34054,0.35267,0.84948,0.99758,1,0.995,0.96096,0.3163,0.23427,0.8232,0.00103772,0.00103772,0.00103772
245,3065.91,0.31192,0.27251,0.8406,0.99758,1,0.995,0.96096,0.3163,0.23427,0.8232,0.00103376,0.00103376,0.00103376
246,3077.66,0.34375,0.32809,0.87059,0.99759,1,0.995,0.95687,0.32109,0.23712,0.82134,0.0010298,0.0010298,0.0010298
247,3089.36,0.33968,0.29401,0.84641,0.99754,1,0.995,0.96562,0.31551,0.24311,0.8191,0.00102584,0.00102584,0.00102584
248,3101.14,0.29859,0.25689,0.84637,0.99765,1,0.995,0.96409,0.30802,0.24794,0.82071,0.00102188,0.00102188,0.00102188
249,3112.86,0.32607,0.28494,0.84249,0.99765,1,0.995,0.96409,0.30802,0.24794,0.82071,0.00101792,0.00101792,0.00101792
250,3124.5,0.29817,0.2831,0.82262,0.99771,1,0.995,0.96425,0.31792,0.25748,0.82212,0.00101396,0.00101396,0.00101396
251,3136.26,0.36666,0.31846,0.85934,0.99773,1,0.995,0.96512,0.33008,0.25074,0.82482,0.00101,0.00101,0.00101
252,3147.87,0.36834,0.29952,0.85556,0.99773,1,0.995,0.97462,0.32219,0.2575,0.82083,0.00100604,0.00100604,0.00100604
253,3160.29,0.34567,0.28166,0.85904,0.99773,1,0.995,0.97462,0.32219,0.2575,0.82083,0.00100208,0.00100208,0.00100208
254,3172.15,0.31744,0.28368,0.80599,1,0.98832,0.995,0.98065,0.31341,0.2628,0.821,0.00099812,0.00099812,0.00099812
255,3184.62,0.32331,0.30296,0.86446,1,0.99266,0.995,0.98065,0.32168,0.25894,0.82307,0.00099416,0.00099416,0.00099416
256,3197.86,0.31295,0.25428,0.82202,0.99758,1,0.995,0.93483,0.33273,0.26038,0.82746,0.0009902,0.0009902,0.0009902
257,3210.09,0.28408,0.27215,0.86702,0.99758,1,0.995,0.93483,0.33273,0.26038,0.82746,0.00098624,0.00098624,0.00098624
258,3222.06,0.32958,0.27783,0.85716,0.99746,1,0.995,0.93668,0.3417,0.24905,0.82959,0.00098228,0.00098228,0.00098228
259,3234.13,0.31219,0.28341,0.84632,0.99741,1,0.995,0.95042,0.32961,0.24095,0.82598,0.00097832,0.00097832,0.00097832
260,3246.04,0.29708,0.38086,0.79817,0.99734,1,0.995,0.94402,0.31696,0.23515,0.82555,0.00097436,0.00097436,0.00097436
261,3257.88,0.30591,0.25822,0.8135,0.99734,1,0.995,0.94402,0.31696,0.23515,0.82555,0.0009704,0.0009704,0.0009704
262,3269.56,0.30916,0.26666,0.81938,0.99733,1,0.995,0.96187,0.32582,0.24351,0.8291,0.00096644,0.00096644,0.00096644
263,3281.34,0.41485,0.38587,0.94387,0.99747,1,0.995,0.94561,0.3394,0.24284,0.83063,0.00096248,0.00096248,0.00096248
264,3293.14,0.30754,0.26846,0.86942,0.99748,1,0.995,0.95735,0.35359,0.23974,0.8315,0.00095852,0.00095852,0.00095852
265,3304.79,0.29534,0.27465,0.85418,0.99748,1,0.995,0.95735,0.35359,0.23974,0.8315,0.00095456,0.00095456,0.00095456
266,3316.73,0.30877,0.28065,0.84741,0.9975,1,0.995,0.94361,0.35288,0.2392,0.82855,0.0009506,0.0009506,0.0009506
267,3328.42,0.33665,0.27568,0.85216,0.99742,1,0.995,0.95724,0.32454,0.24619,0.82221,0.00094664,0.00094664,0.00094664
268,3340.78,0.32284,0.26201,0.86175,0.99747,1,0.995,0.95928,0.32205,0.24129,0.8218,0.00094268,0.00094268,0.00094268
269,3355.3,0.38303,0.32544,0.89298,0.99747,1,0.995,0.95928,0.32205,0.24129,0.8218,0.00093872,0.00093872,0.00093872
270,3368.72,0.31743,0.27334,0.84216,0.99759,1,0.995,0.96587,0.33903,0.23857,0.82412,0.00093476,0.00093476,0.00093476
271,3382.11,0.29975,0.25231,0.83711,0.99759,1,0.995,0.94867,0.35758,0.24474,0.82574,0.0009308,0.0009308,0.0009308
272,3395.78,0.27507,0.26756,0.8377,0.99769,1,0.995,0.94421,0.35548,0.26105,0.82481,0.00092684,0.00092684,0.00092684
273,3409.42,0.36092,0.2974,0.85052,0.99769,1,0.995,0.94421,0.35548,0.26105,0.82481,0.00092288,0.00092288,0.00092288
274,3425.26,0.26967,0.25874,0.82998,1,0.99216,0.995,0.95037,0.34732,0.26444,0.8248,0.00091892,0.00091892,0.00091892
275,3441.16,0.33057,0.2706,0.83634,0.99353,1,0.995,0.95668,0.34995,0.25093,0.82887,0.00091496,0.00091496,0.00091496
276,3456.02,0.33388,0.26574,0.8388,0.99364,1,0.995,0.95845,0.35439,0.25927,0.83119,0.000911,0.000911,0.000911
277,3471.09,0.30963,0.25444,0.84571,0.99364,1,0.995,0.95845,0.35439,0.25927,0.83119,0.00090704,0.00090704,0.00090704
278,3485.51,0.28124,0.25929,0.83005,0.99531,1,0.995,0.9487,0.36195,0.26374,0.83046,0.00090308,0.00090308,0.00090308
279,3498.58,0.33374,0.29485,0.83505,0.9959,1,0.995,0.93694,0.37174,0.27385,0.82981,0.00089912,0.00089912,0.00089912
280,3510.61,0.33195,0.2936,0.89327,0.99619,1,0.995,0.93437,0.36665,0.2674,0.82666,0.00089516,0.00089516,0.00089516
281,3523.26,0.31533,0.27513,0.85625,0.99619,1,0.995,0.93437,0.36665,0.2674,0.82666,0.0008912,0.0008912,0.0008912
282,3535.71,0.31756,0.26267,0.85102,0.9969,1,0.995,0.96468,0.33706,0.26044,0.82054,0.00088724,0.00088724,0.00088724
283,3547.92,0.28999,0.29238,0.83395,0.99735,1,0.995,0.96543,0.32241,0.25414,0.81837,0.00088328,0.00088328,0.00088328
284,3560.52,0.31913,0.28132,0.84503,0.99679,1,0.995,0.96404,0.32214,0.24883,0.81967,0.00087932,0.00087932,0.00087932
285,3572.47,0.3362,0.27614,0.87079,0.99679,1,0.995,0.96404,0.32214,0.24883,0.81967,0.00087536,0.00087536,0.00087536
286,3585.25,0.32216,0.28194,0.83795,0.99678,1,0.995,0.9554,0.32036,0.24183,0.81926,0.0008714,0.0008714,0.0008714
287,3597.41,0.28119,0.26897,0.8318,0.9975,1,0.995,0.94387,0.32932,0.2441,0.81936,0.00086744,0.00086744,0.00086744
288,3609.56,0.28075,0.2388,0.83387,0.99742,1,0.995,0.93786,0.32413,0.23081,0.81706,0.00086348,0.00086348,0.00086348
289,3622.31,0.36906,0.26217,0.89562,0.99742,1,0.995,0.93786,0.32413,0.23081,0.81706,0.00085952,0.00085952,0.00085952
290,3634.28,0.27363,0.29156,0.83909,0.99734,1,0.995,0.95442,0.3049,0.22784,0.81391,0.00085556,0.00085556,0.00085556
291,3647.15,0.23048,0.2145,0.83686,0.99713,1,0.995,0.94909,0.3034,0.22061,0.81916,0.0008516,0.0008516,0.0008516
292,3659.55,0.30068,0.25989,0.84259,0.99673,1,0.995,0.96521,0.31664,0.23091,0.82398,0.00084764,0.00084764,0.00084764
293,3671.98,0.27561,0.23938,0.83515,0.99673,1,0.995,0.96521,0.31664,0.23091,0.82398,0.00084368,0.00084368,0.00084368
294,3684.75,0.2855,0.2784,0.8298,0.99654,1,0.995,0.96446,0.314,0.23448,0.82315,0.00083972,0.00083972,0.00083972
295,3696.89,0.32881,0.28567,0.84527,0.99664,1,0.995,0.96478,0.30054,0.2215,0.82124,0.00083576,0.00083576,0.00083576
296,3709.32,0.31445,0.27888,0.8201,0.9966,1,0.995,0.97104,0.29649,0.22594,0.81908,0.0008318,0.0008318,0.0008318
297,3721.3,0.28423,0.26355,0.8219,0.9966,1,0.995,0.97104,0.29649,0.22594,0.81908,0.00082784,0.00082784,0.00082784
298,3733.67,0.29081,0.27175,0.85893,0.997,1,0.995,0.97151,0.29418,0.22824,0.81833,0.00082388,0.00082388,0.00082388
299,3745.76,0.29697,0.25794,0.8616,0.99719,1,0.995,0.96335,0.29179,0.2215,0.81606,0.00081992,0.00081992,0.00081992
300,3758.02,0.30061,0.25588,0.82739,0.99739,1,0.995,0.95368,0.29875,0.22086,0.81321,0.00081596,0.00081596,0.00081596
301,3770.7,0.27442,0.24866,0.8387,0.99739,1,0.995,0.95368,0.29875,0.22086,0.81321,0.000812,0.000812,0.000812
302,3782.63,0.27634,0.25795,0.83052,0.99741,1,0.995,0.94507,0.30447,0.21997,0.81416,0.00080804,0.00080804,0.00080804
303,3795.51,0.25944,0.24246,0.85215,0.99744,1,0.995,0.94732,0.30628,0.22034,0.81487,0.00080408,0.00080408,0.00080408
304,3808.6,0.28205,0.25409,0.81845,0.99745,1,0.995,0.95389,0.31406,0.22139,0.81828,0.00080012,0.00080012,0.00080012
305,3820.74,0.30188,0.26698,0.85019,0.99745,1,0.995,0.95389,0.31406,0.22139,0.81828,0.00079616,0.00079616,0.00079616
306,3833.74,0.27898,0.24584,0.83047,0.99751,1,0.995,0.95131,0.31793,0.24125,0.82109,0.0007922,0.0007922,0.0007922
307,3845.82,0.32093,0.25849,0.87469,0.99756,1,0.995,0.93139,0.32568,0.23587,0.82369,0.00078824,0.00078824,0.00078824
308,3859.44,0.34923,0.31063,0.86298,0.99758,1,0.995,0.94248,0.33931,0.24656,0.82582,0.00078428,0.00078428,0.00078428
309,3872.4,0.34526,0.28094,0.86445,0.99758,1,0.995,0.94248,0.33931,0.24656,0.82582,0.00078032,0.00078032,0.00078032
310,3884.71,0.27664,0.2499,0.81291,0.9977,1,0.995,0.94655,0.33816,0.23745,0.82408,0.00077636,0.00077636,0.00077636
311,3897.12,0.24204,0.22686,0.79292,0.99789,1,0.995,0.94179,0.32662,0.23707,0.82021,0.0007724,0.0007724,0.0007724
312,3909.37,0.30524,0.27965,0.87288,0.99797,1,0.995,0.95021,0.31915,0.23704,0.81571,0.00076844,0.00076844,0.00076844
313,3922.05,0.2558,0.24797,0.85056,0.99797,1,0.995,0.95021,0.31915,0.23704,0.81571,0.00076448,0.00076448,0.00076448
314,3933.99,0.25028,0.22927,0.83517,0.99821,1,0.995,0.9561,0.32144,0.23469,0.81331,0.00076052,0.00076052,0.00076052
315,3947.67,0.26567,0.2547,0.84442,0.99785,1,0.995,0.96636,0.32657,0.2316,0.81462,0.00075656,0.00075656,0.00075656
316,3960.78,0.27998,0.231,0.83333,0.99745,1,0.995,0.96443,0.32588,0.2373,0.81629,0.0007526,0.0007526,0.0007526
317,3973.55,0.30723,0.25196,0.82924,0.99745,1,0.995,0.96443,0.32588,0.2373,0.81629,0.00074864,0.00074864,0.00074864
318,3986.2,0.27801,0.25772,0.83247,0.99716,1,0.995,0.96479,0.32201,0.23399,0.81648,0.00074468,0.00074468,0.00074468
319,3998,0.28323,0.24121,0.81497,0.99708,1,0.995,0.97421,0.31386,0.22902,0.81605,0.00074072,0.00074072,0.00074072
320,4011.16,0.28531,0.25468,0.82759,0.99685,1,0.995,0.96537,0.30824,0.22934,0.81796,0.00073676,0.00073676,0.00073676
321,4023.51,0.27306,0.24676,0.81337,0.99685,1,0.995,0.96537,0.30824,0.22934,0.81796,0.0007328,0.0007328,0.0007328
322,4036.79,0.24002,0.2393,0.85177,0.99713,1,0.995,0.9656,0.31871,0.2238,0.82044,0.00072884,0.00072884,0.00072884
323,4049.05,0.28609,0.23384,0.84738,0.99717,1,0.995,0.95431,0.33853,0.22864,0.82546,0.00072488,0.00072488,0.00072488
324,4061.29,0.27753,0.22797,0.83393,0.99689,1,0.995,0.94471,0.34927,0.22374,0.82807,0.00072092,0.00072092,0.00072092
325,4074.75,0.29048,0.24254,0.84748,0.99689,1,0.995,0.94471,0.34927,0.22374,0.82807,0.00071696,0.00071696,0.00071696
326,4087.07,0.27436,0.25149,0.8439,0.99697,1,0.995,0.95126,0.33389,0.22203,0.82486,0.000713,0.000713,0.000713
327,4099.7,0.25607,0.23553,0.85705,0.99721,1,0.995,0.96809,0.31648,0.22147,0.82106,0.00070904,0.00070904,0.00070904
328,4112.56,0.24621,0.21718,0.82799,0.99727,1,0.995,0.97506,0.31131,0.23166,0.82283,0.00070508,0.00070508,0.00070508
329,4127.42,0.27542,0.24078,0.87638,0.99727,1,0.995,0.97506,0.31131,0.23166,0.82283,0.00070112,0.00070112,0.00070112
330,4141.68,0.2744,0.26966,0.82941,0.99724,1,0.995,0.96685,0.30358,0.23019,0.82303,0.00069716,0.00069716,0.00069716
331,4154.75,0.32647,0.25743,0.87661,0.99557,1,0.995,0.97212,0.29669,0.23069,0.82452,0.0006932,0.0006932,0.0006932
332,4167.43,0.24706,0.24758,0.81057,0.98951,1,0.995,0.98129,0.29247,0.24045,0.82368,0.00068924,0.00068924,0.00068924
333,4177.53,0.23994,0.2225,0.82851,0.98951,1,0.995,0.98129,0.29247,0.24045,0.82368,0.00068528,0.00068528,0.00068528
334,4187.6,0.30885,0.25931,0.82552,0.95408,1,0.995,0.98559,0.29251,0.231,0.82419,0.00068132,0.00068132,0.00068132
335,4197.68,0.26501,0.2535,0.83337,0.99515,1,0.995,0.98043,0.29508,0.22813,0.82241,0.00067736,0.00067736,0.00067736
336,4207.58,0.28522,0.26195,0.83331,0.99683,1,0.995,0.96394,0.3076,0.22406,0.82121,0.0006734,0.0006734,0.0006734
337,4217.52,0.26625,0.25704,0.82024,0.99683,1,0.995,0.96394,0.3076,0.22406,0.82121,0.00066944,0.00066944,0.00066944
338,4227.57,0.25141,0.22455,0.81722,0.99689,1,0.995,0.96537,0.3282,0.22406,0.82235,0.00066548,0.00066548,0.00066548
339,4237.42,0.27234,0.24492,0.81652,0.99706,1,0.995,0.96318,0.33329,0.22793,0.82348,0.00066152,0.00066152,0.00066152
340,4247.32,0.2581,0.22896,0.82139,0.99725,1,0.995,0.98092,0.32163,0.22135,0.82474,0.00065756,0.00065756,0.00065756
341,4257.22,0.24199,0.216,0.84497,0.99725,1,0.995,0.98092,0.32163,0.22135,0.82474,0.0006536,0.0006536,0.0006536
342,4267.11,0.28201,0.24901,0.83543,0.99739,1,0.995,0.97614,0.31417,0.22074,0.82455,0.00064964,0.00064964,0.00064964
343,4277.29,0.28488,0.2525,0.85336,0.99749,1,0.995,0.95971,0.32535,0.22037,0.82495,0.00064568,0.00064568,0.00064568
344,4287.23,0.30676,0.25101,0.81134,0.9975,1,0.995,0.9698,0.33011,0.22162,0.8251,0.00064172,0.00064172,0.00064172
345,4297.37,0.25642,0.24975,0.80623,0.9975,1,0.995,0.9698,0.33011,0.22162,0.8251,0.00063776,0.00063776,0.00063776
346,4307.45,0.26624,0.24305,0.82975,0.9975,1,0.995,0.95317,0.34016,0.21769,0.82724,0.0006338,0.0006338,0.0006338
347,4317.41,0.25003,0.25037,0.83756,0.9975,1,0.995,0.95417,0.34448,0.21264,0.8271,0.00062984,0.00062984,0.00062984
348,4327.51,0.28062,0.25761,0.83033,0.99748,1,0.995,0.95786,0.33543,0.21239,0.82512,0.00062588,0.00062588,0.00062588
349,4337.83,0.26684,0.22969,0.82197,0.99748,1,0.995,0.95786,0.33543,0.21239,0.82512,0.00062192,0.00062192,0.00062192
350,4347.74,0.2686,0.24062,0.80747,0.99748,1,0.995,0.97309,0.32099,0.21011,0.82276,0.00061796,0.00061796,0.00061796
351,4357.81,0.26311,0.23938,0.8281,0.99742,1,0.995,0.96454,0.3112,0.20549,0.82212,0.000614,0.000614,0.000614
352,4367.9,0.27748,0.23237,0.82423,0.99742,1,0.995,0.95117,0.31046,0.21272,0.82152,0.00061004,0.00061004,0.00061004
353,4378.32,0.264,0.25015,0.83672,0.99742,1,0.995,0.95117,0.31046,0.21272,0.82152,0.00060608,0.00060608,0.00060608
354,4388.36,0.29946,0.23392,0.80853,0.99741,1,0.995,0.95491,0.31399,0.22473,0.82289,0.00060212,0.00060212,0.00060212
355,4398.22,0.28489,0.22313,0.83432,0.99742,1,0.995,0.9626,0.3134,0.2315,0.8249,0.00059816,0.00059816,0.00059816
356,4408.75,0.26994,0.22152,0.85832,0.99743,1,0.995,0.96409,0.3059,0.23305,0.82532,0.0005942,0.0005942,0.0005942
357,4418.86,0.22547,0.19913,0.81809,0.99743,1,0.995,0.96409,0.3059,0.23305,0.82532,0.00059024,0.00059024,0.00059024
358,4429.16,0.26903,0.23079,0.83199,0.9974,1,0.995,0.96834,0.29683,0.22717,0.82582,0.00058628,0.00058628,0.00058628
359,4439.33,0.29837,0.31552,0.86725,0.99739,1,0.995,0.97377,0.30028,0.22821,0.82759,0.00058232,0.00058232,0.00058232
360,4449.35,0.25107,0.21926,0.82459,0.99736,1,0.995,0.95649,0.3054,0.22353,0.82762,0.00057836,0.00057836,0.00057836
361,4459.6,0.27512,0.23413,0.83627,0.99736,1,0.995,0.95649,0.3054,0.22353,0.82762,0.0005744,0.0005744,0.0005744
362,4469.91,0.26675,0.22773,0.83726,0.99738,1,0.995,0.95893,0.30909,0.22607,0.82641,0.00057044,0.00057044,0.00057044
363,4480.13,0.24503,0.21672,0.81243,0.99732,1,0.995,0.9452,0.31338,0.2196,0.82576,0.00056648,0.00056648,0.00056648
364,4490.58,0.2665,0.24052,0.82948,0.99734,1,0.995,0.96087,0.3149,0.21391,0.82508,0.00056252,0.00056252,0.00056252
365,4500.87,0.28104,0.23568,0.83323,0.99734,1,0.995,0.96087,0.3149,0.21391,0.82508,0.00055856,0.00055856,0.00055856
366,4511.01,0.21015,0.19579,0.80118,0.9973,1,0.995,0.96888,0.31509,0.20957,0.82441,0.0005546,0.0005546,0.0005546
367,4521.44,0.22121,0.24806,0.82468,0.99725,1,0.995,0.96336,0.32092,0.21231,0.8262,0.00055064,0.00055064,0.00055064
368,4531.51,0.27276,0.23532,0.84606,0.99709,1,0.995,0.95574,0.32584,0.21516,0.82733,0.00054668,0.00054668,0.00054668
369,4541.58,0.27393,0.23383,0.82557,0.99709,1,0.995,0.95574,0.32584,0.21516,0.82733,0.00054272,0.00054272,0.00054272
370,4551.95,0.25672,0.23348,0.83543,0.99689,1,0.995,0.94592,0.32365,0.22454,0.82607,0.00053876,0.00053876,0.00053876
371,4562.13,0.2657,0.20712,0.82653,0.99691,1,0.995,0.9495,0.31777,0.22305,0.82471,0.0005348,0.0005348,0.0005348
372,4572.16,0.24765,0.22299,0.82204,0.99706,1,0.995,0.95688,0.31056,0.2172,0.82419,0.00053084,0.00053084,0.00053084
373,4582.48,0.25818,0.23903,0.83909,0.99706,1,0.995,0.95688,0.31056,0.2172,0.82419,0.00052688,0.00052688,0.00052688
374,4592.69,0.22814,0.20187,0.81864,0.99715,1,0.995,0.96105,0.30836,0.21794,0.82291,0.00052292,0.00052292,0.00052292
375,4602.81,0.26488,0.25268,0.85496,0.99724,1,0.995,0.96503,0.30849,0.21314,0.82144,0.00051896,0.00051896,0.00051896
376,4613.28,0.22936,0.19295,0.81071,0.99742,1,0.995,0.96539,0.31019,0.20908,0.82117,0.000515,0.000515,0.000515
377,4623.36,0.22434,0.21977,0.82799,0.99742,1,0.995,0.96539,0.31019,0.20908,0.82117,0.00051104,0.00051104,0.00051104
378,4633.52,0.22457,0.21257,0.8302,0.99748,1,0.995,0.96997,0.31759,0.20911,0.82232,0.00050708,0.00050708,0.00050708
379,4643.99,0.21306,0.17923,0.81828,0.99752,1,0.995,0.95721,0.32865,0.20861,0.82372,0.00050312,0.00050312,0.00050312
380,4654.13,0.25039,0.21421,0.82566,0.99752,1,0.995,0.95547,0.32713,0.20703,0.8246,0.00049916,0.00049916,0.00049916
381,4664.4,0.23336,0.21719,0.80263,0.99752,1,0.995,0.95547,0.32713,0.20703,0.8246,0.0004952,0.0004952,0.0004952
382,4674.55,0.24954,0.21477,0.82711,0.99749,1,0.995,0.95621,0.32397,0.20853,0.82329,0.00049124,0.00049124,0.00049124
383,4684.75,0.24466,0.22033,0.8193,0.9975,1,0.995,0.95224,0.32224,0.21058,0.82248,0.00048728,0.00048728,0.00048728
384,4694.84,0.22477,0.22039,0.80655,0.99748,1,0.995,0.96106,0.31801,0.21619,0.82211,0.00048332,0.00048332,0.00048332
385,4705.08,0.2427,0.2084,0.82794,0.99748,1,0.995,0.96106,0.31801,0.21619,0.82211,0.00047936,0.00047936,0.00047936
386,4715.33,0.24903,0.23068,0.81934,0.9975,1,0.995,0.96119,0.30749,0.20842,0.82266,0.0004754,0.0004754,0.0004754
387,4725.56,0.23754,0.23593,0.83793,0.99748,1,0.995,0.9713,0.30019,0.20389,0.82269,0.00047144,0.00047144,0.00047144
388,4735.91,0.25077,0.22975,0.82246,0.99749,1,0.995,0.97261,0.29367,0.19763,0.81995,0.00046748,0.00046748,0.00046748
389,4746.31,0.23553,0.21299,0.8271,0.99749,1,0.995,0.97261,0.29367,0.19763,0.81995,0.00046352,0.00046352,0.00046352
390,4756.77,0.24179,0.20741,0.82576,0.99751,1,0.995,0.97211,0.28899,0.20142,0.81635,0.00045956,0.00045956,0.00045956
391,4767.17,0.26592,0.21553,0.81083,0.99751,1,0.995,0.97531,0.286,0.19604,0.81388,0.0004556,0.0004556,0.0004556
392,4778.56,0.25087,0.22835,0.83069,0.99751,1,0.995,0.97505,0.28905,0.19066,0.81281,0.00045164,0.00045164,0.00045164
393,4789.16,0.26379,0.22493,0.8138,0.99751,1,0.995,0.97505,0.28905,0.19066,0.81281,0.00044768,0.00044768,0.00044768
394,4799.45,0.22663,0.22123,0.84913,0.99751,1,0.995,0.97486,0.29499,0.18952,0.81322,0.00044372,0.00044372,0.00044372
395,4809.96,0.22904,0.22486,0.83047,0.99755,1,0.995,0.97553,0.30773,0.19177,0.81618,0.00043976,0.00043976,0.00043976
396,4820.33,0.20903,0.19476,0.81072,0.99747,1,0.995,0.96564,0.31541,0.20453,0.8215,0.0004358,0.0004358,0.0004358
397,4830.83,0.22711,0.2124,0.83782,0.99747,1,0.995,0.96564,0.31541,0.20453,0.8215,0.00043184,0.00043184,0.00043184
398,4841.11,0.23998,0.20239,0.81413,0.9974,1,0.995,0.97081,0.31702,0.21565,0.82286,0.00042788,0.00042788,0.00042788
399,4851.61,0.23117,0.20484,0.84195,0.99717,1,0.995,0.96899,0.31933,0.20894,0.82392,0.00042392,0.00042392,0.00042392
400,4861.87,0.2357,0.23062,0.82973,0.99684,1,0.995,0.97064,0.31873,0.21099,0.82278,0.00041996,0.00041996,0.00041996
401,4872.16,0.23798,0.20394,0.83314,0.99684,1,0.995,0.97064,0.31873,0.21099,0.82278,0.000416,0.000416,0.000416
402,4882.54,0.20656,0.21447,0.838,0.99682,1,0.995,0.96514,0.31679,0.20546,0.82094,0.00041204,0.00041204,0.00041204
403,4892.85,0.22571,0.21202,0.79106,0.99727,1,0.995,0.97359,0.31176,0.20305,0.82037,0.00040808,0.00040808,0.00040808
404,4903.03,0.24547,0.24077,0.8782,0.99756,1,0.995,0.96355,0.3043,0.1952,0.81937,0.00040412,0.00040412,0.00040412
405,4913.26,0.25427,0.22513,0.84369,0.99756,1,0.995,0.96355,0.3043,0.1952,0.81937,0.00040016,0.00040016,0.00040016
406,4923.61,0.27147,0.23193,0.81458,0.99755,1,0.995,0.96303,0.30334,0.20056,0.81914,0.0003962,0.0003962,0.0003962
407,4933.91,0.23985,0.22061,0.80631,0.99754,1,0.995,0.96312,0.30398,0.20313,0.81791,0.00039224,0.00039224,0.00039224
408,4944.47,0.20182,0.18476,0.79469,0.99752,1,0.995,0.97451,0.29765,0.18821,0.81698,0.00038828,0.00038828,0.00038828
409,4954.71,0.26217,0.22997,0.85354,0.99752,1,0.995,0.97451,0.29765,0.18821,0.81698,0.00038432,0.00038432,0.00038432
410,4965.02,0.19558,0.20216,0.80551,0.99748,1,0.995,0.97451,0.28833,0.18663,0.81304,0.00038036,0.00038036,0.00038036
411,4975.35,0.23533,0.19459,0.84039,0.99748,1,0.995,0.97478,0.28782,0.18439,0.81274,0.0003764,0.0003764,0.0003764
412,4985.57,0.21915,0.21009,0.84536,0.99752,1,0.995,0.97845,0.28932,0.18349,0.81421,0.00037244,0.00037244,0.00037244
413,4995.8,0.24498,0.20329,0.81269,0.99752,1,0.995,0.97845,0.28932,0.18349,0.81421,0.00036848,0.00036848,0.00036848
414,5006.72,0.21184,0.21938,0.81076,0.99749,1,0.995,0.98085,0.29416,0.18957,0.81688,0.00036452,0.00036452,0.00036452
415,5017.11,0.24199,0.24489,0.83878,0.99732,1,0.995,0.98056,0.29649,0.19078,0.81853,0.00036056,0.00036056,0.00036056
416,5027.51,0.24161,0.20593,0.83074,0.99635,1,0.995,0.97478,0.29799,0.1923,0.81816,0.0003566,0.0003566,0.0003566
417,5037.85,0.26003,0.21524,0.84751,0.99635,1,0.995,0.97478,0.29799,0.1923,0.81816,0.00035264,0.00035264,0.00035264
418,5048.11,0.22299,0.20186,0.80191,0.99578,1,0.995,0.98144,0.29193,0.19033,0.81462,0.00034868,0.00034868,0.00034868
419,5058.73,0.24918,0.23725,0.84548,0.99648,1,0.995,0.98704,0.28382,0.1887,0.81323,0.00034472,0.00034472,0.00034472
420,5069.01,0.22846,0.20595,0.81023,0.9966,1,0.995,0.98704,0.28144,0.18657,0.81447,0.00034076,0.00034076,0.00034076
421,5079.13,0.24801,0.21706,0.79507,0.9966,1,0.995,0.98704,0.28144,0.18657,0.81447,0.0003368,0.0003368,0.0003368
422,5089.59,0.2279,0.20597,0.79772,0.99664,1,0.995,0.97784,0.29506,0.18613,0.81882,0.00033284,0.00033284,0.00033284
423,5099.73,0.2445,0.2148,0.83448,0.99693,1,0.995,0.97496,0.31238,0.1864,0.8222,0.00032888,0.00032888,0.00032888
424,5110.06,0.23137,0.19074,0.81311,0.99685,1,0.995,0.96199,0.32424,0.18902,0.82295,0.00032492,0.00032492,0.00032492
425,5120.4,0.21397,0.24,0.79644,0.99685,1,0.995,0.96199,0.32424,0.18902,0.82295,0.00032096,0.00032096,0.00032096
426,5130.54,0.22252,0.19525,0.82087,0.99719,1,0.995,0.96094,0.32432,0.18829,0.82164,0.000317,0.000317,0.000317
427,5140.69,0.25543,0.20139,0.811,0.99722,1,0.995,0.96186,0.30731,0.18414,0.81814,0.00031304,0.00031304,0.00031304
428,5150.89,0.21987,0.19949,0.84431,0.9973,1,0.995,0.98642,0.29001,0.17944,0.81544,0.00030908,0.00030908,0.00030908
429,5161.12,0.2432,0.21778,0.81648,0.9973,1,0.995,0.98642,0.29001,0.17944,0.81544,0.00030512,0.00030512,0.00030512
430,5171.95,0.20638,0.18375,0.84079,0.99723,1,0.995,0.9868,0.28124,0.17884,0.81482,0.00030116,0.00030116,0.00030116
431,5182.49,0.22388,0.20561,0.82142,0.99727,1,0.995,0.98657,0.27852,0.18033,0.81419,0.0002972,0.0002972,0.0002972
432,5193.01,0.27141,0.23532,0.84426,0.99734,1,0.995,0.9865,0.27932,0.17978,0.81335,0.00029324,0.00029324,0.00029324
433,5203.32,0.23294,0.20574,0.81268,0.99734,1,0.995,0.9865,0.27932,0.17978,0.81335,0.00028928,0.00028928,0.00028928
434,5213.45,0.21648,0.20675,0.80216,0.99741,1,0.995,0.97931,0.28049,0.1822,0.81242,0.00028532,0.00028532,0.00028532
435,5223.44,0.23116,0.20808,0.80735,0.9975,1,0.995,0.97931,0.28599,0.18482,0.81297,0.00028136,0.00028136,0.00028136
436,5233.69,0.24281,0.20134,0.81663,0.99753,1,0.995,0.97582,0.28999,0.18479,0.81537,0.0002774,0.0002774,0.0002774
437,5244.24,0.23685,0.19843,0.8415,0.99753,1,0.995,0.97582,0.28999,0.18479,0.81537,0.00027344,0.00027344,0.00027344
438,5254.53,0.19989,0.19032,0.78962,0.99754,1,0.995,0.97999,0.29012,0.18596,0.81708,0.00026948,0.00026948,0.00026948
439,5264.82,0.22334,0.19749,0.82339,0.99756,1,0.995,0.97426,0.28764,0.1854,0.81764,0.00026552,0.00026552,0.00026552
440,5275.27,0.21313,0.19481,0.8163,0.99759,1,0.995,0.96275,0.28297,0.18593,0.81645,0.00026156,0.00026156,0.00026156
441,5285.63,0.19809,0.18144,0.78362,0.99759,1,0.995,0.96275,0.28297,0.18593,0.81645,0.0002576,0.0002576,0.0002576
442,5296.26,0.20492,0.18165,0.83678,0.99758,1,0.995,0.97045,0.27901,0.1818,0.81586,0.00025364,0.00025364,0.00025364
443,5306.66,0.21259,0.18922,0.80488,0.99757,1,0.995,0.97069,0.27641,0.17921,0.81536,0.00024968,0.00024968,0.00024968
444,5317.09,0.20423,0.18195,0.85179,0.99761,1,0.995,0.9732,0.27718,0.181,0.81492,0.00024572,0.00024572,0.00024572
445,5327.35,0.20493,0.21057,0.82842,0.99761,1,0.995,0.9732,0.27718,0.181,0.81492,0.00024176,0.00024176,0.00024176
446,5337.51,0.23278,0.19622,0.82452,0.99761,1,0.995,0.96621,0.28012,0.18017,0.8149,0.0002378,0.0002378,0.0002378
447,5347.69,0.21527,0.18141,0.85749,0.9976,1,0.995,0.96646,0.28212,0.17932,0.81478,0.00023384,0.00023384,0.00023384
448,5357.9,0.20142,0.18622,0.78439,0.99757,1,0.995,0.97459,0.28082,0.17326,0.81427,0.00022988,0.00022988,0.00022988
449,5368.25,0.20117,0.21313,0.82328,0.99757,1,0.995,0.97459,0.28082,0.17326,0.81427,0.00022592,0.00022592,0.00022592
450,5378.45,0.20078,0.17492,0.81662,0.99758,1,0.995,0.97506,0.28071,0.17228,0.81444,0.00022196,0.00022196,0.00022196
451,5389.08,0.1949,0.20003,0.82349,0.99756,1,0.995,0.97469,0.28104,0.17371,0.81507,0.000218,0.000218,0.000218
452,5399.56,0.22634,0.2096,0.847,0.9976,1,0.995,0.97459,0.27977,0.17703,0.81531,0.00021404,0.00021404,0.00021404
453,5410.11,0.19739,0.18811,0.82138,0.9976,1,0.995,0.97459,0.27977,0.17703,0.81531,0.00021008,0.00021008,0.00021008
454,5420.34,0.18803,0.16746,0.79594,0.9976,1,0.995,0.97449,0.27693,0.17642,0.81556,0.00020612,0.00020612,0.00020612
455,5430.41,0.19732,0.17628,0.84575,0.99758,1,0.995,0.98369,0.2746,0.17527,0.81619,0.00020216,0.00020216,0.00020216
456,5440.63,0.2247,0.22824,0.82435,0.99759,1,0.995,0.98619,0.27278,0.17548,0.817,0.0001982,0.0001982,0.0001982
457,5451.88,0.19773,0.20828,0.80356,0.99759,1,0.995,0.98619,0.27278,0.17548,0.817,0.00019424,0.00019424,0.00019424
458,5462.26,0.21381,0.19619,0.79833,0.9976,1,0.995,0.98619,0.27247,0.17213,0.81752,0.00019028,0.00019028,0.00019028
459,5472.48,0.18872,0.18237,0.8161,0.9976,1,0.995,0.97604,0.27449,0.1713,0.81823,0.00018632,0.00018632,0.00018632
460,5482.92,0.21077,0.18276,0.82616,0.9976,1,0.995,0.97564,0.27801,0.17083,0.81844,0.00018236,0.00018236,0.00018236
461,5493.12,0.21357,0.18933,0.82375,0.9976,1,0.995,0.97564,0.27801,0.17083,0.81844,0.0001784,0.0001784,0.0001784
462,5503.35,0.22107,0.19534,0.8094,0.99761,1,0.995,0.97572,0.27989,0.17085,0.81839,0.00017444,0.00017444,0.00017444
463,5513.63,0.21136,0.19231,0.80993,0.99763,1,0.995,0.97589,0.28207,0.17248,0.81837,0.00017048,0.00017048,0.00017048
464,5523.88,0.24983,0.21251,0.83099,0.99764,1,0.995,0.97557,0.28672,0.17535,0.8184,0.00016652,0.00016652,0.00016652
465,5534.28,0.20675,0.18521,0.84272,0.99764,1,0.995,0.97557,0.28672,0.17535,0.8184,0.00016256,0.00016256,0.00016256
466,5544.65,0.19607,0.20619,0.80437,0.99764,1,0.995,0.97518,0.28984,0.17709,0.817,0.0001586,0.0001586,0.0001586
467,5555,0.19289,0.18967,0.81389,0.99764,1,0.995,0.9708,0.29012,0.177,0.81676,0.00015464,0.00015464,0.00015464
468,5565.63,0.19365,0.17976,0.80681,0.99763,1,0.995,0.96637,0.28979,0.17736,0.81748,0.00015068,0.00015068,0.00015068
469,5575.75,0.19786,0.18445,0.82717,0.99763,1,0.995,0.96637,0.28979,0.17736,0.81748,0.00014672,0.00014672,0.00014672
470,5585.71,0.2067,0.19054,0.83516,0.99767,1,0.995,0.97102,0.29015,0.17928,0.81775,0.00014276,0.00014276,0.00014276
471,5595.8,0.2215,0.18787,0.82267,0.99766,1,0.995,0.97117,0.29112,0.17996,0.81942,0.0001388,0.0001388,0.0001388
472,5606.02,0.19119,0.17416,0.82652,0.99763,1,0.995,0.97133,0.29113,0.18322,0.8197,0.00013484,0.00013484,0.00013484
473,5616.01,0.20515,0.19042,0.82181,0.99763,1,0.995,0.97133,0.29113,0.18322,0.8197,0.00013088,0.00013088,0.00013088
474,5626.06,0.22107,0.20193,0.81108,0.99765,1,0.995,0.97091,0.29109,0.18561,0.81904,0.00012692,0.00012692,0.00012692
475,5636.16,0.2063,0.1832,0.82432,0.99767,1,0.995,0.98268,0.29149,0.18601,0.81847,0.00012296,0.00012296,0.00012296
476,5646.44,0.19318,0.17887,0.80113,0.99769,1,0.995,0.98282,0.2947,0.1892,0.81681,0.000119,0.000119,0.000119
477,5656.97,0.19275,0.19549,0.82745,0.99769,1,0.995,0.98282,0.2947,0.1892,0.81681,0.00011504,0.00011504,0.00011504
478,5667.21,0.22605,0.19925,0.8106,0.99767,1,0.995,0.98325,0.2966,0.18588,0.81663,0.00011108,0.00011108,0.00011108
479,5677.36,0.17768,0.16478,0.80509,0.99764,1,0.995,0.98234,0.29654,0.18459,0.81605,0.00010712,0.00010712,0.00010712
480,5688.56,0.18808,0.17086,0.79361,0.99767,1,0.995,0.98312,0.29879,0.18644,0.81597,0.00010316,0.00010316,0.00010316
481,5699.08,0.19576,0.18385,0.84533,0.99767,1,0.995,0.98312,0.29879,0.18644,0.81597,9.92e-05,9.92e-05,9.92e-05
482,5709.19,0.2053,0.18607,0.80183,0.99768,1,0.995,0.97929,0.29846,0.18686,0.81555,9.524e-05,9.524e-05,9.524e-05
483,5719.48,0.19489,0.17557,0.8106,0.99767,1,0.995,0.97908,0.29738,0.18388,0.81519,9.128e-05,9.128e-05,9.128e-05
484,5729.56,0.26003,0.20196,0.83935,0.99765,1,0.995,0.97901,0.29646,0.18274,0.81394,8.732e-05,8.732e-05,8.732e-05
485,5739.63,0.205,0.1871,0.80708,0.99765,1,0.995,0.97901,0.29646,0.18274,0.81394,8.336e-05,8.336e-05,8.336e-05
486,5749.91,0.17862,0.19477,0.80996,0.99765,1,0.995,0.98273,0.29488,0.18239,0.81382,7.94e-05,7.94e-05,7.94e-05
487,5760.06,0.20931,0.2099,0.80707,0.99763,1,0.995,0.98256,0.29212,0.18178,0.81406,7.544e-05,7.544e-05,7.544e-05
488,5770.3,0.19539,0.17658,0.85059,0.99768,1,0.995,0.98246,0.28915,0.18059,0.81416,7.148e-05,7.148e-05,7.148e-05
489,5780.45,0.21168,0.17954,0.8203,0.99768,1,0.995,0.98246,0.28915,0.18059,0.81416,6.752e-05,6.752e-05,6.752e-05
490,5790.64,0.19898,0.18682,0.82143,0.99764,1,0.995,0.98274,0.28748,0.17863,0.81429,6.356e-05,6.356e-05,6.356e-05
491,5800.94,0.17581,0.19489,0.81778,0.99765,1,0.995,0.98262,0.28554,0.17701,0.81388,5.96e-05,5.96e-05,5.96e-05
492,5811.03,0.19376,0.16417,0.76583,0.99765,1,0.995,0.98258,0.28257,0.17456,0.81351,5.564e-05,5.564e-05,5.564e-05
493,5821.26,0.16085,0.17105,0.79552,0.99765,1,0.995,0.98258,0.28257,0.17456,0.81351,5.168e-05,5.168e-05,5.168e-05
494,5831.2,0.19403,0.17421,0.80721,0.99765,1,0.995,0.98232,0.27964,0.17315,0.81289,4.772e-05,4.772e-05,4.772e-05
495,5841.15,0.16944,0.16945,0.76626,0.99763,1,0.995,0.98195,0.27854,0.17181,0.81249,4.376e-05,4.376e-05,4.376e-05
496,5851.06,0.16577,0.15076,0.77152,0.9976,1,0.995,0.98193,0.27694,0.17101,0.81186,3.98e-05,3.98e-05,3.98e-05
497,5860.98,0.15301,0.14593,0.79169,0.9976,1,0.995,0.98193,0.27694,0.17101,0.81186,3.584e-05,3.584e-05,3.584e-05
498,5870.95,0.24088,0.34886,0.7905,0.99759,1,0.995,0.98233,0.27647,0.17186,0.81152,3.188e-05,3.188e-05,3.188e-05
499,5880.9,0.17216,0.15907,0.77343,0.99759,1,0.995,0.98189,0.27665,0.17287,0.81108,2.792e-05,2.792e-05,2.792e-05
500,5890.98,0.20991,0.21018,0.77222,0.99757,1,0.995,0.98173,0.27594,0.17147,0.81065,2.396e-05,2.396e-05,2.396e-05
